{
  "linear_regression": {
    "residual_quantile": 28.809802492494605
  },
  "random_forest": {
    "residual_quantile": 656.7573887245063
  }
}